{"cameraMode":{"drawMode":0,"name":"Shaded","section":"Shading Mode"},"sceneLighting":true,"audioPlay":false,"sceneViewState":{"m_AlwaysRefresh":false,"showFog":true,"showSkybox":true,"showFlares":true,"showImageEffects":true,"showParticleSystems":true,"showVisualEffectGraphs":true,"m_FxEnabled":true},"in2DMode":false,"pivot":{"x":3.972231388092041,"y":1.891479253768921,"z":1.9577780961990357},"rotation":{"x":0.022297469899058343,"y":-0.7625179886817932,"z":0.02631731890141964,"w":0.6460474133491516},"size":0.3261316418647766,"orthographic":false}