{"cameraMode":{"drawMode":0,"name":"Shaded","section":"Shading Mode"},"sceneLighting":false,"audioPlay":false,"sceneViewState":{"m_AlwaysRefresh":false,"showFog":true,"showSkybox":false,"showFlares":true,"showImageEffects":true,"showParticleSystems":true,"showVisualEffectGraphs":true,"m_FxEnabled":true},"in2DMode":false,"pivot":{"x":2.9179718494415285,"y":2.4660000801086427,"z":-1.031000018119812},"rotation":{"x":0.02221512421965599,"y":-0.4906342625617981,"z":0.012513959780335427,"w":0.8709928393363953},"size":0.042435139417648318,"orthographic":false}